-- Adminer 3.7.0 MySQL dump

SET NAMES utf8;
SET foreign_key_checks = 0;
SET time_zone = '-03:00';
SET sql_mode = 'NO_AUTO_VALUE_ON_ZERO';

DROP TABLE IF EXISTS `locations`;
CREATE TABLE `locations` (
  `id` int(11) unsigned NOT NULL AUTO_INCREMENT,
  `placa` varchar(20) NOT NULL,
  `data` varchar(100) NOT NULL,
  `hora` time NOT NULL,
  `logradouro` varchar(255) NOT NULL,
  `gps` varchar(255) NOT NULL,
  `bairro` varchar(255) NOT NULL,
  `cidade` varchar(255) NOT NULL,
  `uf` varchar(255) NOT NULL,
  `cep` varchar(50) NOT NULL,
  `pais` varchar(255) NOT NULL,
  `latitude` varchar(255) NOT NULL,
  `longitude` varchar(255) NOT NULL,
  PRIMARY KEY (`id`)
) ENGINE=InnoDB DEFAULT CHARSET=utf8;

INSERT INTO `locations` (`id`, `placa`, `data`, `hora`, `logradouro`, `gps`, `bairro`, `cidade`, `uf`, `cep`, `pais`, `latitude`, `longitude`) VALUES
(1,	'KLZ-7742',	'17/12/2012',	'14:36:52',	'R. Santa Luzia',	'1842-1888',	'Igapó',	'Natal',	'RN',	'59073345',	'BR',	'-5.76481',	'-35.27039'),
(2,	'KLZ-7742',	'17/12/2012',	'14:43:33',	'R. Santa Luzia',	'1842-1888',	'Igapó',	'Natal',	'RN',	'59073345',	'BR',	'-5.76482',	'-35.27040\r\n'),
(3,	'KLZ-7742',	'17/12/2012',	'14:49:32',	'R. Santa Luzia',	'1842-1888',	'Igapó',	'Natal',	'RN',	'59073345',	'BR',	'-5.76484',	'-35.27044\r\n'),
(4,	'KLZ-7742',	'17/12/2012',	'14:55:32',	'R. Santa Luzia',	'1842-1888',	'Igapó',	'Natal',	'RN',	'59073345',	'BR',	'-5.76479',	'-35.27041\r\n'),
(5,	'KLZ-7742',	'17/12/2012',	'15:01:32',	'R. Santa Luzia',	'1842-1888',	'Igapó',	'Natal',	'RN',	'59073345',	'BR',	'-5.76479',	'-35.27042\r\n'),
(6,	'KLZ-7742',	'17/12/2012',	'15:29:02',	'R. Santa Luzia',	'1842-1888',	'Igapó',	'Natal',	'RN',	'59073345',	'BR',	'-5.76471',	'-35.27052\r\n'),
(7,	'KLZ-7742',	'17/12/2012',	'15:36:32',	'R. Santa Luzia',	'1842-1888',	'Igapó',	'Natal',	'RN',	'59073345',	'BR',	'-5.76479',	'-35.27046\r\n'),
(8,	'KLZ-7742',	'17/12/2012',	'15:42:32',	'R. Santa Luzia',	'1842-1888',	'Igapó',	'Natal',	'RN',	'59073345',	'BR',	'-5.76479',	'-35.27043\r\n'),
(9,	'KLZ-7742',	'17/12/2012',	'15:48:32',	'R. Santa Luzia',	'1842-1888',	'Igapó',	'Natal',	'RN',	'59073345',	'BR',	'-5.76477',	'-35.27038\r\n'),
(10,	'KLZ-7742',	'17/12/2012',	'15:54:32',	'R. Santa Luzia',	'1842-1888',	'Igapó',	'Natal',	'RN',	'59073345',	'BR',	'-5.76481',	'-35.27044\r\n'),
(11,	'KLZ-7742',	'17/12/2012',	'16:00:32',	'R. Santa Luzia',	'1842-1888',	'Igapó',	'Natal',	'RN',	'59073345',	'BR',	'-5.76478',	'-35.27046\r\n'),
(12,	'KLZ-7742',	'17/12/2012',	'16:06:32',	'R. Santa Luzia',	'1842-1888',	'Igapó',	'Natal',	'RN',	'59073345',	'BR',	'-5.76482',	'-35.27042\r\n'),
(13,	'KLZ-7742',	'17/12/2012',	'16:21:32',	'R. Santa Luzia',	'1842-1888',	'Igapó',	'Natal',	'RN',	'59073345',	'BR',	'-5.76478',	'-35.27045\r\n'),
(14,	'KLZ-7742',	'17/12/2012',	'16:27:32',	'R. Santa Luzia',	'1842-1888',	'Igapó',	'Natal',	'RN',	'59073345',	'BR',	'-5.76479',	'-35.27046\r\n'),
(15,	'KLZ-7742',	'17/12/2012',	'16:33:32',	'R. Santa Luzia',	'1842-1888',	'Igapó',	'Natal',	'RN',	'59073345',	'BR',	'-5.76483',	'-35.27042\r\n'),
(16,	'KLZ-7742',	'17/12/2012',	'16:39:32',	'R. Santa Luzia',	'1842-1888',	'Igapó',	'Natal',	'RN',	'59073345',	'BR',	'-5.76477',	'-35.27046\r\n'),
(17,	'KLZ-7742',	'17/12/2012',	'16:45:32',	'R. Santa Luzia',	'1842-1888',	'Igapó',	'Natal',	'RN',	'59073345',	'BR',	'-5.76479',	'-35.27043\r\n'),
(18,	'KLZ-7742',	'17/12/2012',	'16:51:32',	'R. Santa Luzia',	'1842-1888',	'Igapó',	'Natal',	'RN',	'59073345',	'BR',	'-5.76479',	'-35.27044\r\n'),
(19,	'KLZ-7742',	'17/12/2012',	'16:57:32',	'R. Santa Luzia',	'1842-1888',	'Igapó',	'Natal',	'RN',	'59073345',	'BR',	'-5.76479',	'-35.27044\r\n'),
(20,	'KLZ-7742',	'17/12/2012',	'17:03:32',	'R. Santa Luzia',	'1842-1888',	'Igapó',	'Natal',	'RN',	'59073345',	'BR',	'-5.76476',	'-35.27051\r\n'),
(21,	'KLZ-7742',	'17/12/2012',	'17:09:32',	'R. Santa Luzia',	'1842-1888',	'Igapó',	'Natal',	'RN',	'59073345',	'BR',	'-5.76478',	'-35.27045\r\n'),
(22,	'KLZ-7742',	'17/12/2012',	'17:15:32',	'R. Santa Luzia',	'1842-1888',	'Igapó',	'Natal',	'RN',	'59073345',	'BR',	'-5.76478',	'-35.27049\r\n'),
(23,	'KLZ-7742',	'17/12/2012',	'17:21:32',	'R. Santa Luzia',	'1842-1888',	'Igapó',	'Natal',	'RN',	'59073345',	'BR',	'-5.76476',	'-35.27044\r\n'),
(24,	'KLZ-7742',	'17/12/2012',	'17:27:32',	'R. Santa Luzia',	'1842-1888',	'Igapó',	'Natal',	'RN',	'59073345',	'BR',	'-5.76482',	'-35.27047\r\n'),
(25,	'KLZ-7742',	'17/12/2012',	'17:33:32',	'R. Santa Luzia',	'1842-1888',	'Igapó',	'Natal',	'RN',	'59073345',	'BR',	'-5.76480',	'-35.27048\r\n'),
(26,	'KLZ-7742',	'17/12/2012',	'17:39:32',	'R. Santa Luzia',	'1842-1888',	'Igapó',	'Natal',	'RN',	'59073345',	'BR',	'-5.76481',	'-35.27046\r\n'),
(27,	'KLZ-7742',	'17/12/2012',	'17:45:32',	'R. Santa Luzia',	'1842-1888',	'Igapó',	'Natal',	'RN',	'59073345',	'BR',	'-5.76485',	'-35.27043\r\n'),
(28,	'KLZ-7742',	'17/12/2012',	'17:51:32',	'R. Santa Luzia',	'1842-1888',	'Igapó',	'Natal',	'RN',	'59073345',	'BR',	'-5.76479',	'-35.27043\r\n'),
(29,	'KLZ-7742',	'17/12/2012',	'17:57:32',	'R. Santa Luzia',	'1842-1888',	'Igapó',	'Natal',	'RN',	'59073345',	'BR',	'-5.76479',	'-35.27038\r\n'),
(30,	'KLZ-7742',	'17/12/2012',	'18:03:32',	'R. Santa Luzia',	'1842-1888',	'Igapó',	'Natal',	'RN',	'59073345',	'BR',	'-5.76482',	'-35.27043\r\n'),
(31,	'KLZ-7742',	'17/12/2012',	'18:18:32',	'R. Santa Luzia',	'1842-1888',	'Igapó',	'Natal',	'RN',	'59073345',	'BR',	'-5.76477',	'-35.27045\r\n'),
(32,	'KLZ-7742',	'17/12/2012',	'18:24:33',	'R. Santa Luzia',	'1842-1888',	'Igapó',	'Natal',	'RN',	'59073345',	'BR',	'-5.76481',	'-35.27044\r\n'),
(33,	'KLZ-7742',	'17/12/2012',	'18:30:33',	'R. Santa Luzia',	'1842-1888',	'Igapó',	'Natal',	'RN',	'59073345',	'BR',	'-5.76482',	'-35.27042\r\n'),
(34,	'KLZ-7742',	'17/12/2012',	'18:36:33',	'R. Santa Luzia',	'1842-1888',	'Igapó',	'Natal',	'RN',	'59073345',	'BR',	'-5.76483',	'-35.27044\r\n'),
(35,	'KLZ-7742',	'18/12/2012',	'07:54:15',	'R. Santa Luzia',	'1842-1888',	'Igapó',	'Natal',	'RN',	'59073345',	'BR',	'-5.76484',	'-35.27034\r\n'),
(36,	'KLZ-7742',	'18/12/2012',	'08:00:35',	'R. Santa Luzia',	'1842-1888',	'Igapó',	'Natal',	'RN',	'59073345',	'BR',	'-5.76474',	'-35.27043\r\n'),
(37,	'KLZ-7742',	'18/12/2012',	'08:06:34',	'R. Santa Luzia',	'1842-1888',	'Igapó',	'Natal',	'RN',	'59073345',	'BR',	'-5.76478',	'-35.27049\r\n'),
(38,	'KLZ-7742',	'18/12/2012',	'08:12:34',	'R. Santa Luzia',	'1842-1888',	'Igapó',	'Natal',	'RN',	'59073345',	'BR',	'-5.76499',	'-35.27040\r\n'),
(39,	'KLZ-7742',	'18/12/2012',	'08:18:34',	'R. Santa Luzia',	'1842-1888',	'Igapó',	'Natal',	'RN',	'59073345',	'BR',	'-5.76495',	'-35.27037\r\n'),
(40,	'KLZ-7742',	'18/12/2012',	'08:24:34',	'Avenida Acaraú',	'806',	'Igapó',	'Natal',	'RN',	'59108000',	'Brazil',	'-5.76552',	'-35.26150\r\n'),
(41,	'KLZ-7742',	'18/12/2012',	'08:30:34',	'Av. Dr. João Medeiros Filho',	'209-305',	'Igapó',	'Natal',	'RN',	'59104200',	'BR',	'-5.77363',	'-35.25478\r\n'),
(42,	'KLZ-7742',	'18/12/2012',	'08:36:34',	'Rua Dona Izabel de Brito Lima',	'146',	'Igapó',	'Natal',	'RN',	'59104220',	'Brazil',	'-5.77406',	'-35.25524\r\n'),
(43,	'KLZ-7742',	'18/12/2012',	'08:42:34',	'Rua Dona Izabel de Brito Lima',	'146',	'Igapó',	'Natal',	'RN',	'59104220',	'Brazil',	'-5.77406',	'-35.25529\r\n'),
(44,	'KLZ-7742',	'18/12/2012',	'08:48:34',	'Rua Dona Izabel de Brito Lima',	'146',	'Igapó',	'Natal',	'RN',	'59104220',	'Brazil',	'-5.77407',	'-35.25530\r\n'),
(45,	'KLZ-7742',	'18/12/2012',	'08:54:34',	'Rua Dona Izabel de Brito Lima',	'146',	'Igapó',	'Natal',	'RN',	'59104220',	'Brazil',	'-5.77401',	'-35.25520\r\n'),
(46,	'KLZ-7742',	'18/12/2012',	'09:00:34',	'Rua Dona Izabel de Brito Lima',	'146',	'Igapó',	'Natal',	'RN',	'59104220',	'Brazil',	'-5.77399',	'-35.25531\r\n'),
(47,	'KLZ-7742',	'18/12/2012',	'09:06:34',	'Rua Dona Izabel de Brito Lima',	'146',	'Igapó',	'Natal',	'RN',	'59104220',	'Brazil',	'-5.77401',	'-35.25529\r\n'),
(48,	'KLZ-7742',	'18/12/2012',	'09:12:34',	'Av. Dr. João Medeiros Filho',	'209-305',	'Igapó',	'Natal',	'RN',	'59104200',	'BR',	'-5.77369',	'-35.25478\r\n'),
(49,	'KLZ-7742',	'18/12/2012',	'09:18:21',	'Rua Salvador',	'275',	'Igapó',	'Natal',	'RN',	'59104070',	'Brazil',	'-5.77504',	'-35.25357\r\n'),
(50,	'KLZ-7742',	'18/12/2012',	'09:24:34',	'Av. São Luiz',	'2-68',	'Igapó',	'Natal',	'RN',	'59104020',	'BR',	'-5.77690',	'-35.25081\r\n'),
(51,	'KLZ-7742',	'18/12/2012',	'09:30:34',	'Av. Bernardo Vieira',	'54-86',	'Nordeste',	'Natal',	'RN',	'59051000',	'BR',	'-5.79979',	'-35.23841\r\n'),
(52,	'KLZ-7742',	'18/12/2012',	'09:36:34',	'Av. Dr. Napoleão Laureano',	'2372-2400',	'Felipe Camarão',	'Natal',	'RN',	'59050481',	'BR',	'-5.81602',	'-35.24898\r\n'),
(53,	'KLZ-7742',	'18/12/2012',	'09:42:34',	'R. São José',	'27-51',	'Felipe Camarão',	'Natal',	'RN',	'59072640',	'BR',	'-5.82537',	'-35.24631\r\n'),
(54,	'KLZ-7742',	'18/12/2012',	'09:48:34',	'Av. Oeste',	'159-215',	'Felipe Camarão',	'Natal',	'RN',	'59072750',	'BR',	'-5.83115',	'-35.24512\r\n'),
(55,	'KLZ-7742',	'18/12/2012',	'09:54:34',	'Tv. Santa Isabel',	'229-457',	'Guarapés',	'Natal',	'RN',	'59072445',	'BR',	'-5.83722',	'-35.24934\r\n'),
(56,	'KLZ-7742',	'18/12/2012',	'10:00:34',	'R. Pantanal',	'1-197',	'Guarapés',	'Natal',	'RN',	'',	'BR',	'-5.83905',	'-35.25032\r\n'),
(57,	'KLZ-7742',	'18/12/2012',	'10:06:34',	'R. Pantanal',	'1-197',	'Guarapés',	'Natal',	'RN',	'',	'BR',	'-5.83926',	'-35.25026\r\n'),
(58,	'KLZ-7742',	'18/12/2012',	'10:21:34',	'R. São José',	'54-58',	'Felipe Camarão',	'Natal',	'RN',	'59072640',	'BR',	'-5.82654',	'-35.24518\r\n'),
(59,	'KLZ-7742',	'18/12/2012',	'10:27:34',	'Av. Dr. Napoleão Laureano',	'2372-2400',	'Felipe Camarão',	'Natal',	'RN',	'59050481',	'BR',	'-5.81563',	'-35.24870\r\n'),
(60,	'KLZ-7742',	'18/12/2012',	'10:33:34',	'R. Marcos Calvacânte',	'652-736',	'Quintas',	'Natal',	'RN',	'59035050',	'BR',	'-5.80058',	'-35.23692\r\n'),
(61,	'KLZ-7742',	'18/12/2012',	'10:39:34',	'Av. Bel. Tomaz Landim',	'',	'Igapó',	'Natal',	'RN',	'59104000',	'BR',	'-5.77527',	'-35.25374\r\n'),
(62,	'KLZ-7742',	'18/12/2012',	'10:45:34',	'Av. das Fronteiras',	'95-195',	'Igapó',	'Natal',	'RN',	'59104345',	'BR',	'-5.76424',	'-35.26538\r\n'),
(63,	'KLZ-7742',	'18/12/2012',	'10:51:34',	'R. Santa Luzia',	'1842-1888',	'Igapó',	'Natal',	'RN',	'59073345',	'BR',	'-5.76478',	'-35.27041\r\n'),
(64,	'KLZ-7742',	'18/12/2012',	'10:57:34',	'R. Santa Luzia',	'1842-1888',	'Igapó',	'Natal',	'RN',	'59073345',	'BR',	'-5.76482',	'-35.27043\r\n'),
(65,	'KLZ-7742',	'18/12/2012',	'11:03:34',	'R. Santa Luzia',	'1842-1888',	'Igapó',	'Natal',	'RN',	'59073345',	'BR',	'-5.76484',	'-35.27045\r\n'),
(66,	'KLZ-7742',	'18/12/2012',	'11:21:35',	'R. Santa Luzia',	'1842-1888',	'Igapó',	'Natal',	'RN',	'59073345',	'BR',	'-5.76485',	'-35.27043\r\n'),
(67,	'KLZ-7742',	'18/12/2012',	'11:27:35',	'R. Santa Luzia',	'1842-1888',	'Igapó',	'Natal',	'RN',	'59073345',	'BR',	'-5.76483',	'-35.27052\r\n'),
(68,	'KLZ-7742',	'18/12/2012',	'11:33:35',	'R. Santa Luzia',	'1842-1888',	'Igapó',	'Natal',	'RN',	'59073345',	'BR',	'-5.76479',	'-35.27043\r\n'),
(69,	'KLZ-7742',	'18/12/2012',	'11:39:35',	'R. Santa Luzia',	'1842-1888',	'Igapó',	'Natal',	'RN',	'59073345',	'BR',	'-5.76480',	'-35.27039\r\n'),
(70,	'KLZ-7742',	'18/12/2012',	'11:45:35',	'R. Santa Luzia',	'1842-1888',	'Igapó',	'Natal',	'RN',	'59073345',	'BR',	'-5.76484',	'-35.27040\r\n'),
(71,	'KLZ-7742',	'18/12/2012',	'11:51:35',	'R. Santa Luzia',	'1842-1888',	'Igapó',	'Natal',	'RN',	'59073345',	'BR',	'-5.76486',	'-35.27028\r\n'),
(72,	'KLZ-7742',	'18/12/2012',	'11:57:35',	'R. Santa Luzia',	'1842-1888',	'Igapó',	'Natal',	'RN',	'59073345',	'BR',	'-5.76478',	'-35.27039\r\n'),
(73,	'KLZ-7742',	'18/12/2012',	'12:03:35',	'R. Santa Luzia',	'1842-1888',	'Igapó',	'Natal',	'RN',	'59073345',	'BR',	'-5.76479',	'-35.27035\r\n'),
(74,	'KLZ-7742',	'18/12/2012',	'12:18:35',	'R. Pres. Médici',	'2-90',	'Igapó',	'Natal',	'RN',	'59106000',	'BR',	'-5.77029',	'-35.26781\r\n'),
(75,	'KLZ-7742',	'18/12/2012',	'12:24:35',	'BR-406',	'',	'',	'São Gonçalo do Amarante',	'RN',	'',	'BR',	'-5.78063',	'-35.24812\r\n'),
(76,	'KLZ-7742',	'18/12/2012',	'12:30:35',	'Av. Dr. Napoleão Laureano',	'791-845',	'Nordeste',	'Natal',	'RN',	'59050481',	'BR',	'-5.80511',	'-35.23976\r\n'),
(77,	'KLZ-7742',	'18/12/2012',	'12:36:35',	'R. São José',	'27-51',	'Felipe Camarão',	'Natal',	'RN',	'59072640',	'BR',	'-5.82569',	'-35.24594\r\n'),
(78,	'KLZ-7742',	'18/12/2012',	'12:42:35',	'Tv. Santa Isabel',	'459-575',	'Guarapés',	'Natal',	'RN',	'59072445',	'BR',	'-5.83660',	'-35.25016\r\n'),
(79,	'KLZ-7742',	'18/12/2012',	'12:48:35',	'Tv. Santa Isabel',	'577-659',	'Guarapés',	'Natal',	'RN',	'59072445',	'BR',	'-5.83667',	'-35.25076\r\n'),
(80,	'KLZ-7742',	'18/12/2012',	'12:54:35',	'Av. Oeste',	'218-264',	'Felipe Camarão',	'Natal',	'RN',	'59072750',	'BR',	'-5.83185',	'-35.24519\r\n'),
(81,	'KLZ-7742',	'18/12/2012',	'13:00:35',	'Av. Dr. Napoleão Laureano',	'2102-2148',	'Bom Pst.',	'Natal',	'RN',	'59050481',	'BR',	'-5.81405',	'-35.24722\r\n'),
(82,	'KLZ-7742',	'18/12/2012',	'13:06:35',	'R. São Paulo',	'2-234',	'Nordeste',	'Natal',	'RN',	'',	'BR',	'-5.79830',	'-35.23757\r\n'),
(83,	'KLZ-7742',	'18/12/2012',	'13:21:35',	'R. Gov. Antônio de Melo E Souza',	'3749-3821',	'Potengi',	'Natal',	'RN',	'59122400',	'BR',	'-5.73524',	'-35.25132\r\n'),
(84,	'KLZ-7742',	'18/12/2012',	'13:27:35',	'R. Araruna',	'706-754',	'Lagoa Azul',	'Natal',	'RN',	'59042440',	'BR',	'-5.73771',	'-35.26964\r\n'),
(85,	'KLZ-7742',	'18/12/2012',	'13:33:35',	'Avenida Cidade Praia',	'2809',	'Nossa Senhora da Apresentação',	'Natal',	'RN',	'59129470',	'Brazil',	'-5.72899',	'-35.27591\r\n'),
(86,	'KLZ-7742',	'18/12/2012',	'13:39:35',	'Avenida Cidade Praia',	'2809',	'Nossa Senhora da Apresentação',	'Natal',	'RN',	'59129470',	'Brazil',	'-5.72894',	'-35.27594\r\n'),
(87,	'KLZ-7742',	'18/12/2012',	'13:45:35',	'Avenida Industrial',	'1502',	'Nossa Senhora da Apresentação',	'Natal',	'RN',	'59114-268',	'Brazil',	'-5.73147',	'-35.27703\r\n'),
(88,	'KLZ-7742',	'18/12/2012',	'13:51:35',	'Rua Joana Elisa Fernandes',	'356',	'Nossa Senhora da Apresentação',	'Natal',	'RN',	'59115565',	'Brazil',	'-5.75093',	'-35.27365\r\n'),
(89,	'KLZ-7742',	'18/12/2012',	'13:57:35',	'R. Santa Luzia',	'1842-1888',	'Igapó',	'Natal',	'RN',	'59073345',	'BR',	'-5.76451',	'-35.27039\r\n'),
(90,	'KLZ-7742',	'18/12/2012',	'14:03:35',	'R. Santa Luzia',	'1842-1888',	'Igapó',	'Natal',	'RN',	'59073345',	'BR',	'-5.76451',	'-35.27039\r\n'),
(91,	'KLZ-7742',	'18/12/2012',	'14:18:35',	'Av. Felizardo Firmino Moura',	'229-405',	'Nordeste',	'Natal',	'RN',	'59042200',	'BR',	'-5.79704',	'-35.23953\r\n'),
(92,	'KLZ-7742',	'18/12/2012',	'14:24:35',	'Av. Dr. Napoleão Laureano',	'2246-2310',	'Bom Pst.',	'Natal',	'RN',	'59050481',	'BR',	'-5.81485',	'-35.24828\r\n'),
(93,	'KLZ-7742',	'18/12/2012',	'14:30:35',	'Av. Oeste',	'1-103',	'Felipe Camarão',	'Natal',	'RN',	'59072750',	'BR',	'-5.82975',	'-35.24500\r\n'),
(94,	'KLZ-7742',	'18/12/2012',	'14:36:35',	'R. Eng. Isaias Filho',	'2',	'Guarapés',	'Natal',	'RN',	'',	'BR',	'-5.83689',	'-35.25069\r\n'),
(95,	'KLZ-7742',	'18/12/2012',	'14:42:35',	'R. Pantanal',	'1-197',	'Guarapés',	'Natal',	'RN',	'',	'BR',	'-5.83921',	'-35.25044\r\n'),
(96,	'KLZ-7742',	'18/12/2012',	'14:48:35',	'Av. Oeste',	'934-1222',	'Guarapés',	'Natal',	'RN',	'59072750',	'BR',	'-5.83778',	'-35.24830\r\n'),
(97,	'KLZ-7742',	'18/12/2012',	'14:54:35',	'Av. Oeste',	'934-1222',	'Guarapés',	'Natal',	'RN',	'59072750',	'BR',	'-5.83754',	'-35.24793\r\n'),
(98,	'KLZ-7742',	'18/12/2012',	'15:00:35',	'Av. Oeste',	'1-103',	'Felipe Camarão',	'Natal',	'RN',	'59072750',	'BR',	'-5.83098',	'-35.24509\r\n'),
(99,	'KLZ-7742',	'18/12/2012',	'15:06:35',	'Av. Dr. Napoleão Laureano',	'2372-2400',	'Felipe Camarão',	'Natal',	'RN',	'59050481',	'BR',	'-5.81559',	'-35.24865\r\n'),
(100,	'KLZ-7742',	'18/12/2012',	'15:12:35',	'Av. Dr. Napoleão Laureano',	'59-99',	'Nordeste',	'Natal',	'RN',	'59050481',	'BR',	'-5.80012',	'-35.23823\r\n'),
(101,	'KLZ-7742',	'18/12/2012',	'15:18:35',	'Av. Bel. Tomaz Landim',	'1137-1657',	'',	'São Gonçalo do Amarante',	'RN',	'59290000',	'BR',	'-5.77276',	'-35.26164\r\n'),
(102,	'KLZ-7742',	'18/12/2012',	'15:24:35',	'Av. Bel. Tomaz Landim',	'3199-3281',	'',	'São Gonçalo do Amarante',	'RN',	'59290000',	'BR',	'-5.76614',	'-35.27904\r\n'),
(103,	'KLZ-7742',	'18/12/2012',	'15:30:35',	'Avenida Bel. Tomaz Landim',	'',	'Nossa Senhora da Apresentação',	'Natal',	'RN',	'59104000',	'Brazil',	'-5.76454',	'-35.28251\r\n'),
(104,	'KLZ-7742',	'18/12/2012',	'15:36:35',	'Avenida Bel. Tomaz Landim',	'',	'Nossa Senhora da Apresentação',	'Natal',	'RN',	'59104000',	'Brazil',	'-5.76449',	'-35.28226\r\n'),
(105,	'KLZ-7742',	'18/12/2012',	'15:42:36',	'Avenida Dos Expedicionários',	'1078',	'Nossa Senhora da Apresentação',	'Natal',	'RN',	'59114400',	'Brazil',	'-5.76448',	'-35.28234\r\n'),
(106,	'KLZ-7742',	'18/12/2012',	'15:48:36',	'Avenida Dos Expedicionários',	'1078',	'Nossa Senhora da Apresentação',	'Natal',	'RN',	'59114400',	'Brazil',	'-5.76447',	'-35.28230\r\n'),
(107,	'KLZ-7742',	'18/12/2012',	'15:54:36',	'Avenida Dos Expedicionários',	'1078',	'Nossa Senhora da Apresentação',	'Natal',	'RN',	'59114400',	'Brazil',	'-5.76447',	'-35.28225\r\n'),
(108,	'KLZ-7742',	'18/12/2012',	'16:00:36',	'Avenida Dos Expedicionários',	'1078',	'Nossa Senhora da Apresentação',	'Natal',	'RN',	'59114400',	'Brazil',	'-5.76431',	'-35.28204\r\n'),
(109,	'KLZ-7742',	'18/12/2012',	'16:06:36',	'Av. dos Expedicionários',	'319-347',	'Ns. da Apresentação',	'Natal',	'RN',	'59114400',	'BR',	'-5.76068',	'-35.27743\r\n'),
(110,	'KLZ-7742',	'18/12/2012',	'16:12:36',	'R. Santa Luzia',	'1842-1888',	'Igapó',	'Natal',	'RN',	'59073345',	'BR',	'-5.76454',	'-35.27033\r\n'),
(111,	'KLZ-7742',	'18/12/2012',	'16:18:36',	'R. Santa Luzia',	'1842-1888',	'Igapó',	'Natal',	'RN',	'59073345',	'BR',	'-5.76481',	'-35.27036\r\n'),
(112,	'KLZ-7742',	'18/12/2012',	'16:24:36',	'R. Santa Luzia',	'1842-1888',	'Igapó',	'Natal',	'RN',	'59073345',	'BR',	'-5.76482',	'-35.27035\r\n'),
(113,	'KLZ-7742',	'18/12/2012',	'16:30:36',	'R. Pres. Médici',	'2-90',	'Igapó',	'Natal',	'RN',	'59106000',	'BR',	'-5.76967',	'-35.26766\r\n'),
(114,	'KLZ-7742',	'18/12/2012',	'16:36:36',	'Av. Bel. Tomaz Landim',	'',	'',	'São Gonçalo do Amarante',	'RN',	'59104000',	'BR',	'-5.77542',	'-35.25479\r\n'),
(115,	'KLZ-7742',	'18/12/2012',	'16:42:36',	'Av. Dr. Napoleão Laureano',	'88-100',	'Nordeste',	'Natal',	'RN',	'59050481',	'BR',	'-5.79993',	'-35.23844\r\n'),
(116,	'KLZ-7742',	'18/12/2012',	'16:48:36',	'Av. Dr. Napoleão Laureano',	'2548-2710',	'Felipe Camarão',	'Natal',	'RN',	'59050481',	'BR',	'-5.81797',	'-35.25021\r\n'),
(117,	'KLZ-7742',	'18/12/2012',	'16:54:36',	'R. São José',	'27-51',	'Felipe Camarão',	'Natal',	'RN',	'59072640',	'BR',	'-5.82580',	'-35.24586\r\n'),
(118,	'KLZ-7742',	'18/12/2012',	'17:00:36',	'Av. Oeste',	'1-103',	'Felipe Camarão',	'Natal',	'RN',	'59072750',	'BR',	'-5.83000',	'-35.24506\r\n'),
(119,	'KLZ-7742',	'18/12/2012',	'17:06:36',	'Av. Oeste',	'159-215',	'Felipe Camarão',	'Natal',	'RN',	'59072750',	'BR',	'-5.83129',	'-35.24517\r\n'),
(120,	'KLZ-7742',	'18/12/2012',	'17:18:36',	'R. Pantanal',	'1-197',	'Guarapés',	'Natal',	'RN',	'',	'BR',	'-5.83897',	'-35.25048\r\n'),
(121,	'KLZ-7742',	'18/12/2012',	'17:24:36',	'R. Pantanal',	'1-197',	'Guarapés',	'Natal',	'RN',	'',	'BR',	'-5.83898',	'-35.25052\r\n'),
(122,	'KLZ-7742',	'18/12/2012',	'17:30:36',	'Travessa Todos Os Santos',	'',	'Filipe Camarão',	'Natal',	'RN',	'59072431',	'Brazil',	'-5.83606',	'-35.25101\r\n'),
(123,	'KLZ-7742',	'18/12/2012',	'17:36:36',	'Rua 1° de Maio',	'1036-1058',	'Cidade Nova',	'Natal',	'RN',	'59072680',	'BR',	'-5.83669',	'-35.24571\r\n'),
(124,	'KLZ-7742',	'18/12/2012',	'17:42:36',	'R. São José',	'8',	'Felipe Camarão',	'Natal',	'RN',	'59072640',	'BR',	'-5.82187',	'-35.24942\r\n'),
(125,	'KLZ-7742',	'18/12/2012',	'17:48:36',	'Av. Dr. Napoleão Laureano',	'59-99',	'Nordeste',	'Natal',	'RN',	'59050481',	'BR',	'-5.79991',	'-35.23814\r\n'),
(126,	'KLZ-7742',	'18/12/2012',	'17:54:36',	'Av. Felizardo Firmino Moura',	'503-617',	'Nordeste',	'Natal',	'RN',	'59042200',	'BR',	'-5.79494',	'-35.24098\r\n'),
(127,	'KLZ-7742',	'18/12/2012',	'18:00:36',	'BR-406',	'',	'Nordeste',	'Natal',	'RN',	'',	'BR',	'-5.78349',	'-35.24691\r\n'),
(128,	'KLZ-7742',	'18/12/2012',	'18:06:36',	'Av. Bel. Tomaz Landim',	'69-211',	'',	'São Gonçalo do Amarante',	'RN',	'59290000',	'BR',	'-5.77653',	'-35.25138\r\n'),
(129,	'KLZ-7742',	'18/12/2012',	'18:12:36',	'Avenida Das Fronteiras',	'271',	'Nossa Senhora da Apresentação',	'Natal',	'RN',	'59104345',	'Brazil',	'-5.76371',	'-35.26534\r\n'),
(130,	'KLZ-7742',	'18/12/2012',	'18:18:36',	'R. Santa Luzia',	'1842-1888',	'Igapó',	'Natal',	'RN',	'59073345',	'BR',	'-5.76497',	'-35.27037\r\n'),
(131,	'KLZ-7742',	'19/12/2012',	'12:26:02',	'R. Vivaldo P Araújo',	'335-523',	'Igapó',	'Natal',	'RN',	'59106130',	'BR',	'-5.76510',	'-35.27037\r\n'),
(132,	'KLZ-7742',	'19/12/2012',	'15:27:50',	'R. Santa Luzia',	'1842-1888',	'Igapó',	'Natal',	'RN',	'59073345',	'BR',	'-5.76498',	'-35.27038\r\n'),
(133,	'KLZ-7742',	'19/12/2012',	'17:59:04',	'R. Santa Luzia',	'1842-1888',	'Igapó',	'Natal',	'RN',	'59073345',	'BR',	'-5.76494',	'-35.27050\r\n'),
(134,	'KLZ-7742',	'19/12/2012',	'21:31:01',	'R. Santa Luzia',	'1842-1888',	'Igapó',	'Natal',	'RN',	'59073345',	'BR',	'-5.76497',	'-35.27044\r\n'),
(135,	'KLZ-7742',	'19/12/2012',	'23:59:25',	'R. São José',	'78-144',	'Igapó',	'Natal',	'RN',	'59014430',	'BR',	'-5.76489',	'-35.27081\r\n'),
(136,	'KLZ-7742',	'20/12/2012',	'03:32:15',	'R. Santa Luzia',	'1842-1888',	'Igapó',	'Natal',	'RN',	'59073345',	'BR',	'-5.76502',	'-35.27033\r\n'),
(137,	'KLZ-7742',	'20/12/2012',	'05:59:45',	'R. Santa Luzia',	'1842-1888',	'Igapó',	'Natal',	'RN',	'59073345',	'BR',	'-5.76489',	'-35.27052\r\n'),
(138,	'KLZ-7742',	'20/12/2012',	'09:34:45',	'R. Santa Luzia',	'1842-1888',	'Igapó',	'Natal',	'RN',	'59073345',	'BR',	'-5.76502',	'-35.27045\r\n'),
(139,	'KLZ-7742',	'20/12/2012',	'09:41:08',	'R. Santa Luzia',	'1842-1888',	'Igapó',	'Natal',	'RN',	'59073345',	'BR',	'-5.76496',	'-35.27041\r\n'),
(140,	'KLZ-7742',	'20/12/2012',	'10:34:56',	'R. Vivaldo P Araújo',	'335-523',	'Igapó',	'Natal',	'RN',	'59106130',	'BR',	'-5.76504',	'-35.27049\r\n'),
(141,	'KLZ-7742',	'20/12/2012',	'10:42:38',	'R. Santa Luzia',	'1842-1888',	'Igapó',	'Natal',	'RN',	'59073345',	'BR',	'-5.76502',	'-35.27037\r\n'),
(142,	'KLZ-7742',	'20/12/2012',	'10:48:38',	'R. Santa Luzia',	'1842-1888',	'Igapó',	'Natal',	'RN',	'59073345',	'BR',	'-5.76501',	'-35.27038\r\n'),
(143,	'KLZ-7742',	'20/12/2012',	'10:54:38',	'R. Santa Luzia',	'1842-1888',	'Igapó',	'Natal',	'RN',	'59073345',	'BR',	'-5.76498',	'-35.27034\r\n'),
(144,	'KLZ-7742',	'20/12/2012',	'11:00:38',	'R. Santa Luzia',	'1842-1888',	'Igapó',	'Natal',	'RN',	'59073345',	'BR',	'-5.76499',	'-35.27034\r\n'),
(145,	'KLZ-7742',	'20/12/2012',	'11:06:38',	'R. Santa Luzia',	'1842-1888',	'Igapó',	'Natal',	'RN',	'59073345',	'BR',	'-5.76498',	'-35.27037\r\n'),
(146,	'KLZ-7742',	'20/12/2012',	'11:18:38',	'R. Santa Luzia',	'1842-1888',	'Igapó',	'Natal',	'RN',	'59073345',	'BR',	'-5.76499',	'-35.27038\r\n'),
(147,	'KLZ-7742',	'20/12/2012',	'11:24:38',	'R. Santa Luzia',	'1842-1888',	'Igapó',	'Natal',	'RN',	'59073345',	'BR',	'-5.76498',	'-35.27038\r\n'),
(148,	'KLZ-7742',	'20/12/2012',	'11:30:38',	'R. Santa Luzia',	'1842-1888',	'Igapó',	'Natal',	'RN',	'59073345',	'BR',	'-5.76499',	'-35.27037\r\n'),
(149,	'KLZ-7742',	'20/12/2012',	'11:36:38',	'R. Santa Luzia',	'1842-1888',	'Igapó',	'Natal',	'RN',	'59073345',	'BR',	'-5.76500',	'-35.27036\r\n'),
(150,	'KLZ-7742',	'20/12/2012',	'11:42:38',	'R. Santa Luzia',	'1842-1888',	'Igapó',	'Natal',	'RN',	'59073345',	'BR',	'-5.76497',	'-35.27037\r\n'),
(151,	'KLZ-7742',	'20/12/2012',	'11:48:38',	'R. Santa Luzia',	'1842-1888',	'Igapó',	'Natal',	'RN',	'59073345',	'BR',	'-5.76499',	'-35.27036\r\n'),
(152,	'KLZ-7742',	'20/12/2012',	'11:54:38',	'R. Santa Luzia',	'1842-1888',	'Igapó',	'Natal',	'RN',	'59073345',	'BR',	'-5.76502',	'-35.27037\r\n'),
(153,	'KLZ-7742',	'20/12/2012',	'12:00:38',	'R. Santa Luzia',	'1842-1888',	'Igapó',	'Natal',	'RN',	'59073345',	'BR',	'-5.76500',	'-35.27040\r\n'),
(154,	'KLZ-7742',	'20/12/2012',	'12:06:38',	'R. Santa Luzia',	'1842-1888',	'Igapó',	'Natal',	'RN',	'59073345',	'BR',	'-5.76498',	'-35.27037\r\n'),
(155,	'KLZ-7742',	'20/12/2012',	'12:18:38',	'R. Santa Luzia',	'1842-1888',	'Igapó',	'Natal',	'RN',	'59073345',	'BR',	'-5.76493',	'-35.27035\r\n'),
(156,	'KLZ-7742',	'20/12/2012',	'12:24:38',	'R. Santa Luzia',	'1842-1888',	'Igapó',	'Natal',	'RN',	'59073345',	'BR',	'-5.76498',	'-35.27041\r\n'),
(157,	'KLZ-7742',	'20/12/2012',	'12:30:38',	'R. Santa Luzia',	'1842-1888',	'Igapó',	'Natal',	'RN',	'59073345',	'BR',	'-5.76496',	'-35.27040\r\n'),
(158,	'KLZ-7742',	'20/12/2012',	'12:36:38',	'R. Santa Luzia',	'1842-1888',	'Igapó',	'Natal',	'RN',	'59073345',	'BR',	'-5.76498',	'-35.27039\r\n'),
(159,	'KLZ-7742',	'20/12/2012',	'12:42:38',	'R. Santa Luzia',	'1842-1888',	'Igapó',	'Natal',	'RN',	'59073345',	'BR',	'-5.76500',	'-35.27035\r\n'),
(160,	'KLZ-7742',	'20/12/2012',	'12:48:38',	'R. Santa Luzia',	'1842-1888',	'Igapó',	'Natal',	'RN',	'59073345',	'BR',	'-5.76498',	'-35.27041\r\n'),
(161,	'KLZ-7742',	'20/12/2012',	'12:54:38',	'R. Santa Luzia',	'1842-1888',	'Igapó',	'Natal',	'RN',	'59073345',	'BR',	'-5.76499',	'-35.27038\r\n'),
(162,	'KLZ-7742',	'20/12/2012',	'13:00:38',	'R. Santa Luzia',	'1842-1888',	'Igapó',	'Natal',	'RN',	'59073345',	'BR',	'-5.76499',	'-35.27036\r\n'),
(163,	'KLZ-7742',	'20/12/2012',	'13:06:38',	'R. Vivaldo P Araújo',	'335-523',	'Igapó',	'Natal',	'RN',	'59106130',	'BR',	'-5.76505',	'-35.27039\r\n'),
(164,	'KLZ-7742',	'20/12/2012',	'13:12:39',	'R. Santa Luzia',	'1842-1888',	'Igapó',	'Natal',	'RN',	'59073345',	'BR',	'-5.76498',	'-35.27039\r\n'),
(165,	'KLZ-7742',	'20/12/2012',	'13:18:39',	'R. Santa Luzia',	'1842-1888',	'Igapó',	'Natal',	'RN',	'59073345',	'BR',	'-5.76499',	'-35.27042\r\n'),
(166,	'KLZ-7742',	'20/12/2012',	'13:24:39',	'R. Santa Luzia',	'1842-1888',	'Igapó',	'Natal',	'RN',	'59073345',	'BR',	'-5.76498',	'-35.27034\r\n'),
(167,	'KLZ-7742',	'20/12/2012',	'13:30:39',	'R. Santa Luzia',	'1842-1888',	'Igapó',	'Natal',	'RN',	'59073345',	'BR',	'-5.76502',	'-35.27044\r\n'),
(168,	'KLZ-7742',	'20/12/2012',	'13:36:39',	'R. Santa Luzia',	'1842-1888',	'Igapó',	'Natal',	'RN',	'59073345',	'BR',	'-5.76498',	'-35.27040\r\n'),
(169,	'KLZ-7742',	'20/12/2012',	'13:42:39',	'R. Santa Luzia',	'1842-1888',	'Igapó',	'Natal',	'RN',	'59073345',	'BR',	'-5.76499',	'-35.27039\r\n'),
(170,	'KLZ-7742',	'20/12/2012',	'13:48:39',	'R. Santa Luzia',	'1842-1888',	'Igapó',	'Natal',	'RN',	'59073345',	'BR',	'-5.76497',	'-35.27040\r\n'),
(171,	'KLZ-7742',	'20/12/2012',	'13:54:39',	'R. Santa Luzia',	'1842-1888',	'Igapó',	'Natal',	'RN',	'59073345',	'BR',	'-5.76496',	'-35.27042\r\n'),
(172,	'KLZ-7742',	'20/12/2012',	'14:00:39',	'R. Santa Luzia',	'1842-1888',	'Igapó',	'Natal',	'RN',	'59073345',	'BR',	'-5.76499',	'-35.27038\r\n'),
(173,	'KLZ-7742',	'20/12/2012',	'14:06:39',	'R. Santa Luzia',	'1842-1888',	'Igapó',	'Natal',	'RN',	'59073345',	'BR',	'-5.76497',	'-35.27038\r\n'),
(174,	'KLZ-7742',	'20/12/2012',	'14:18:39',	'R. Santa Luzia',	'1842-1888',	'Igapó',	'Natal',	'RN',	'59073345',	'BR',	'-5.76497',	'-35.27042\r\n'),
(175,	'KLZ-7742',	'20/12/2012',	'14:24:39',	'R. Santa Luzia',	'1842-1888',	'Igapó',	'Natal',	'RN',	'59073345',	'BR',	'-5.76497',	'-35.27038\r\n'),
(176,	'KLZ-7742',	'20/12/2012',	'14:30:39',	'R. Santa Luzia',	'1842-1888',	'Igapó',	'Natal',	'RN',	'59073345',	'BR',	'-5.76498',	'-35.27040\r\n'),
(177,	'KLZ-7742',	'20/12/2012',	'14:36:39',	'R. Santa Luzia',	'1842-1888',	'Igapó',	'Natal',	'RN',	'59073345',	'BR',	'-5.76497',	'-35.27041\r\n'),
(178,	'KLZ-7742',	'20/12/2012',	'14:42:39',	'R. Santa Luzia',	'1842-1888',	'Igapó',	'Natal',	'RN',	'59073345',	'BR',	'-5.76500',	'-35.27041\r\n'),
(179,	'KLZ-7742',	'20/12/2012',	'14:48:39',	'R. Santa Luzia',	'1842-1888',	'Igapó',	'Natal',	'RN',	'59073345',	'BR',	'-5.76499',	'-35.27038\r\n'),
(180,	'KLZ-7742',	'20/12/2012',	'14:54:39',	'R. Santa Luzia',	'1842-1888',	'Igapó',	'Natal',	'RN',	'59073345',	'BR',	'-5.76500',	'-35.27039\r\n'),
(181,	'KLZ-7742',	'20/12/2012',	'15:00:39',	'R. Santa Luzia',	'1842-1888',	'Igapó',	'Natal',	'RN',	'59073345',	'BR',	'-5.76500',	'-35.27039\r\n'),
(182,	'KLZ-7742',	'20/12/2012',	'15:06:39',	'R. Santa Luzia',	'1842-1888',	'Igapó',	'Natal',	'RN',	'59073345',	'BR',	'-5.76493',	'-35.27043\r\n'),
(183,	'KLZ-7742',	'20/12/2012',	'15:18:39',	'R. Santa Luzia',	'1842-1888',	'Igapó',	'Natal',	'RN',	'59073345',	'BR',	'-5.76495',	'-35.27039\r\n'),
(184,	'KLZ-7742',	'20/12/2012',	'15:24:39',	'R. Santa Luzia',	'1842-1888',	'Igapó',	'Natal',	'RN',	'59073345',	'BR',	'-5.76494',	'-35.27038\r\n'),
(185,	'KLZ-7742',	'20/12/2012',	'15:30:39',	'R. Santa Luzia',	'1842-1888',	'Igapó',	'Natal',	'RN',	'59073345',	'BR',	'-5.76499',	'-35.27038\r\n'),
(186,	'KLZ-7742',	'20/12/2012',	'15:36:39',	'R. Santa Luzia',	'1842-1888',	'Igapó',	'Natal',	'RN',	'59073345',	'BR',	'-5.76496',	'-35.27039\r\n'),
(187,	'KLZ-7742',	'20/12/2012',	'15:42:39',	'R. Santa Luzia',	'1842-1888',	'Igapó',	'Natal',	'RN',	'59073345',	'BR',	'-5.76497',	'-35.27039\r\n'),
(188,	'KLZ-7742',	'20/12/2012',	'15:48:39',	'R. Santa Luzia',	'1842-1888',	'Igapó',	'Natal',	'RN',	'59073345',	'BR',	'-5.76498',	'-35.27041\r\n'),
(189,	'KLZ-7742',	'20/12/2012',	'15:54:39',	'R. Santa Luzia',	'1842-1888',	'Igapó',	'Natal',	'RN',	'59073345',	'BR',	'-5.76500',	'-35.27039\r\n'),
(190,	'KLZ-7742',	'20/12/2012',	'16:00:39',	'R. Santa Luzia',	'1842-1888',	'Igapó',	'Natal',	'RN',	'59073345',	'BR',	'-5.76500',	'-35.27038\r\n'),
(191,	'KLZ-7742',	'20/12/2012',	'16:06:39',	'R. Vivaldo P Araújo',	'335-523',	'Igapó',	'Natal',	'RN',	'59106130',	'BR',	'-5.76504',	'-35.27035\r\n'),
(192,	'KLZ-7742',	'20/12/2012',	'16:18:39',	'R. Santa Luzia',	'1842-1888',	'Igapó',	'Natal',	'RN',	'59073345',	'BR',	'-5.76501',	'-35.27038\r\n'),
(193,	'KLZ-7742',	'20/12/2012',	'16:24:39',	'R. Santa Luzia',	'1842-1888',	'Igapó',	'Natal',	'RN',	'59073345',	'BR',	'-5.76495',	'-35.27040\r\n'),
(194,	'KLZ-7742',	'20/12/2012',	'16:30:39',	'R. Santa Luzia',	'1842-1888',	'Igapó',	'Natal',	'RN',	'59073345',	'BR',	'-5.76497',	'-35.27041\r\n'),
(195,	'KLZ-7742',	'20/12/2012',	'16:36:39',	'R. Santa Luzia',	'1842-1888',	'Igapó',	'Natal',	'RN',	'59073345',	'BR',	'-5.76497',	'-35.27050\r\n'),
(196,	'KLZ-7742',	'20/12/2012',	'16:42:39',	'R. Santa Luzia',	'1842-1888',	'Igapó',	'Natal',	'RN',	'59073345',	'BR',	'-5.76497',	'-35.27042\r\n'),
(197,	'KLZ-7742',	'20/12/2012',	'16:48:39',	'R. Santa Luzia',	'1842-1888',	'Igapó',	'Natal',	'RN',	'59073345',	'BR',	'-5.76496',	'-35.27040\r\n'),
(198,	'KLZ-7742',	'20/12/2012',	'16:54:39',	'R. Santa Luzia',	'1842-1888',	'Igapó',	'Natal',	'RN',	'59073345',	'BR',	'-5.76496',	'-35.27041\r\n'),
(199,	'KLZ-7742',	'20/12/2012',	'17:00:39',	'R. Santa Luzia',	'1842-1888',	'Igapó',	'Natal',	'RN',	'59073345',	'BR',	'-5.76497',	'-35.27041\r\n'),
(200,	'KLZ-7742',	'20/12/2012',	'17:06:39',	'R. Santa Luzia',	'1842-1888',	'Igapó',	'Natal',	'RN',	'59073345',	'BR',	'-5.76497',	'-35.27042\r\n'),
(201,	'KLZ-7742',	'20/12/2012',	'17:18:39',	'R. Santa Luzia',	'1842-1888',	'Igapó',	'Natal',	'RN',	'59073345',	'BR',	'-5.76497',	'-35.27038\r\n'),
(202,	'KLZ-7742',	'20/12/2012',	'17:24:39',	'R. Santa Luzia',	'1842-1888',	'Igapó',	'Natal',	'RN',	'59073345',	'BR',	'-5.76499',	'-35.27044\r\n'),
(203,	'KLZ-7742',	'20/12/2012',	'17:30:39',	'R. Santa Luzia',	'1842-1888',	'Igapó',	'Natal',	'RN',	'59073345',	'BR',	'-5.76496',	'-35.27043\r\n'),
(204,	'KLZ-7742',	'20/12/2012',	'17:36:39',	'R. Santa Luzia',	'1842-1888',	'Igapó',	'Natal',	'RN',	'59073345',	'BR',	'-5.76496',	'-35.27032\r\n'),
(205,	'KLZ-7742',	'20/12/2012',	'17:42:39',	'R. Santa Luzia',	'1842-1888',	'Igapó',	'Natal',	'RN',	'59073345',	'BR',	'-5.76495',	'-35.27028\r\n'),
(206,	'KLZ-7742',	'20/12/2012',	'17:48:39',	'R. Santa Luzia',	'1842-1888',	'Igapó',	'Natal',	'RN',	'59073345',	'BR',	'-5.76500',	'-35.27047\r\n'),
(207,	'KLZ-7742',	'20/12/2012',	'17:54:39',	'R. Santa Luzia',	'1842-1888',	'Igapó',	'Natal',	'RN',	'59073345',	'BR',	'-5.76499',	'-35.27042\r\n'),
(208,	'KLZ-7742',	'20/12/2012',	'18:00:40',	'R. Santa Luzia',	'1842-1888',	'Igapó',	'Natal',	'RN',	'59073345',	'BR',	'-5.76491',	'-35.27038\r\n'),
(209,	'KLZ-7742',	'20/12/2012',	'18:06:40',	'R. Santa Luzia',	'1842-1888',	'Igapó',	'Natal',	'RN',	'59073345',	'BR',	'-5.76489',	'-35.27030\r\n'),
(210,	'KLZ-7742',	'20/12/2012',	'18:18:40',	'R. Santa Luzia',	'1842-1888',	'Igapó',	'Natal',	'RN',	'59073345',	'BR',	'-5.76498',	'-35.27035\r\n'),
(211,	'KLZ-7742',	'20/12/2012',	'18:24:40',	'R. Santa Luzia',	'1842-1888',	'Igapó',	'Natal',	'RN',	'59073345',	'BR',	'-5.76501',	'-35.27038\r\n'),
(212,	'KLZ-7742',	'20/12/2012',	'18:30:40',	'R. Santa Luzia',	'1842-1888',	'Igapó',	'Natal',	'RN',	'59073345',	'BR',	'-5.76491',	'-35.27042\r\n'),
(213,	'KLZ-7742',	'20/12/2012',	'18:36:40',	'R. Santa Luzia',	'1842-1888',	'Igapó',	'Natal',	'RN',	'59073345',	'BR',	'-5.76500',	'-35.27039\r\n'),
(214,	'KLZ-7742',	'20/12/2012',	'18:42:40',	'R. Santa Luzia',	'1842-1888',	'Igapó',	'Natal',	'RN',	'59073345',	'BR',	'-5.76497',	'-35.27046\r\n'),
(215,	'KLZ-7742',	'20/12/2012',	'18:48:40',	'R. Santa Luzia',	'1842-1888',	'Igapó',	'Natal',	'RN',	'59073345',	'BR',	'-5.76495',	'-35.27038\r\n'),
(216,	'KLZ-7742',	'20/12/2012',	'18:54:40',	'R. Santa Luzia',	'1842-1888',	'Igapó',	'Natal',	'RN',	'59073345',	'BR',	'-5.76498',	'-35.27036\r\n'),
(217,	'KLZ-7742',	'20/12/2012',	'19:00:40',	'R. Santa Luzia',	'1842-1888',	'Igapó',	'Natal',	'RN',	'59073345',	'BR',	'-5.76496',	'-35.27037\r\n'),
(218,	'KLZ-7742',	'20/12/2012',	'19:06:40',	'R. Santa Luzia',	'1842-1888',	'Igapó',	'Natal',	'RN',	'59073345',	'BR',	'-5.76492',	'-35.27035\r\n'),
(219,	'KLZ-7742',	'20/12/2012',	'19:12:40',	'R. Santa Luzia',	'1842-1888',	'Igapó',	'Natal',	'RN',	'59073345',	'BR',	'-5.76492',	'-35.27031\r\n'),
(220,	'KLZ-7742',	'20/12/2012',	'19:18:40',	'R. Santa Luzia',	'1842-1888',	'Igapó',	'Natal',	'RN',	'59073345',	'BR',	'-5.76492',	'-35.27028\r\n'),
(221,	'KLZ-7742',	'20/12/2012',	'19:24:40',	'R. Santa Luzia',	'1842-1888',	'Igapó',	'Natal',	'RN',	'59073345',	'BR',	'-5.76491',	'-35.27032\r\n'),
(222,	'KLZ-7742',	'20/12/2012',	'19:30:40',	'R. Santa Luzia',	'1842-1888',	'Igapó',	'Natal',	'RN',	'59073345',	'BR',	'-5.76489',	'-35.27027\r\n'),
(223,	'KLZ-7742',	'20/12/2012',	'19:36:40',	'R. Santa Luzia',	'1842-1888',	'Igapó',	'Natal',	'RN',	'59073345',	'BR',	'-5.76491',	'-35.27031\r\n'),
(224,	'KLZ-7742',	'20/12/2012',	'19:42:40',	'R. Santa Luzia',	'1842-1888',	'Igapó',	'Natal',	'RN',	'59073345',	'BR',	'-5.76488',	'-35.27029\r\n'),
(225,	'KLZ-7742',	'20/12/2012',	'19:48:40',	'R. Santa Luzia',	'1842-1888',	'Igapó',	'Natal',	'RN',	'59073345',	'BR',	'-5.76492',	'-35.27036\r\n'),
(226,	'KLZ-7742',	'20/12/2012',	'19:54:40',	'R. Santa Luzia',	'1842-1888',	'Igapó',	'Natal',	'RN',	'59073345',	'BR',	'-5.76493',	'-35.27036\r\n'),
(227,	'KLZ-7742',	'20/12/2012',	'20:00:40',	'R. Santa Luzia',	'1842-1888',	'Igapó',	'Natal',	'RN',	'59073345',	'BR',	'-5.76490',	'-35.27036\r\n'),
(228,	'KLZ-7742',	'20/12/2012',	'20:06:40',	'R. Santa Luzia',	'1842-1888',	'Igapó',	'Natal',	'RN',	'59073345',	'BR',	'-5.76493',	'-35.27033\r\n'),
(229,	'KLZ-7742',	'20/12/2012',	'20:12:40',	'R. Santa Luzia',	'1842-1888',	'Igapó',	'Natal',	'RN',	'59073345',	'BR',	'-5.76493',	'-35.27038\r\n'),
(230,	'KLZ-7742',	'20/12/2012',	'20:18:40',	'R. Santa Luzia',	'1842-1888',	'Igapó',	'Natal',	'RN',	'59073345',	'BR',	'-5.76486',	'-35.27034\r\n'),
(231,	'KLZ-7742',	'20/12/2012',	'20:24:40',	'R. Santa Luzia',	'1842-1888',	'Igapó',	'Natal',	'RN',	'59073345',	'BR',	'-5.76496',	'-35.27033\r\n'),
(232,	'KLZ-7742',	'20/12/2012',	'20:30:40',	'R. Santa Luzia',	'1842-1888',	'Igapó',	'Natal',	'RN',	'59073345',	'BR',	'-5.76490',	'-35.27036\r\n'),
(233,	'KLZ-7742',	'20/12/2012',	'20:36:40',	'R. Santa Luzia',	'1842-1888',	'Igapó',	'Natal',	'RN',	'59073345',	'BR',	'-5.76495',	'-35.27034\r\n'),
(234,	'KLZ-7742',	'20/12/2012',	'20:42:40',	'R. Santa Luzia',	'1842-1888',	'Igapó',	'Natal',	'RN',	'59073345',	'BR',	'-5.76492',	'-35.27031\r\n'),
(235,	'KLZ-7742',	'20/12/2012',	'20:48:40',	'R. Santa Luzia',	'1842-1888',	'Igapó',	'Natal',	'RN',	'59073345',	'BR',	'-5.76496',	'-35.27035\r\n'),
(236,	'KLZ-7742',	'20/12/2012',	'20:54:40',	'R. Santa Luzia',	'1842-1888',	'Igapó',	'Natal',	'RN',	'59073345',	'BR',	'-5.76487',	'-35.27040\r\n'),
(237,	'KLZ-7742',	'20/12/2012',	'21:00:40',	'R. Santa Luzia',	'1842-1888',	'Igapó',	'Natal',	'RN',	'59073345',	'BR',	'-5.76491',	'-35.27031\r\n'),
(238,	'KLZ-7742',	'20/12/2012',	'21:06:40',	'R. Santa Luzia',	'1842-1888',	'Igapó',	'Natal',	'RN',	'59073345',	'BR',	'-5.76468',	'-35.27029');

DROP TABLE IF EXISTS `navigation_menus`;
CREATE TABLE `navigation_menus` (
  `id` int(11) unsigned NOT NULL AUTO_INCREMENT,
  `nome` varchar(150) NOT NULL DEFAULT '',
  `icone` varchar(150) DEFAULT NULL,
  `descricao` varchar(250) DEFAULT NULL,
  `posicao` int(11) unsigned NOT NULL,
  `created_at` datetime NOT NULL,
  `updated_at` datetime DEFAULT NULL,
  `deleted_at` datetime DEFAULT NULL,
  PRIMARY KEY (`id`)
) ENGINE=InnoDB DEFAULT CHARSET=utf8;

INSERT INTO `navigation_menus` (`id`, `nome`, `icone`, `descricao`, `posicao`, `created_at`, `updated_at`, `deleted_at`) VALUES
(1,	'Usuários',	'icon-user',	'menu central referente as usuarios',	1,	'2013-05-21 13:41:06',	NULL,	NULL),
(2,	'Configurações',	'icon-cogs',	'menu central referente as configurações do sistema',	2,	'2013-05-21 13:41:47',	NULL,	NULL);

DROP TABLE IF EXISTS `navigation_pages`;
CREATE TABLE `navigation_pages` (
  `id` int(11) unsigned NOT NULL AUTO_INCREMENT,
  `navigation_menu_id` int(11) unsigned NOT NULL,
  `nome` varchar(150) NOT NULL DEFAULT '',
  `url` varchar(150) NOT NULL,
  `icone` varchar(150) DEFAULT NULL,
  `mostrar` int(1) unsigned NOT NULL DEFAULT '0',
  `alt` varchar(150) DEFAULT NULL,
  `created_at` datetime NOT NULL,
  `updated_at` datetime DEFAULT NULL,
  `deleted_at` datetime DEFAULT NULL,
  PRIMARY KEY (`id`),
  KEY `navigation_menu_id` (`navigation_menu_id`),
  CONSTRAINT `navigation_pages_ibfk_1` FOREIGN KEY (`navigation_menu_id`) REFERENCES `navigation_menus` (`id`)
) ENGINE=InnoDB DEFAULT CHARSET=utf8;

INSERT INTO `navigation_pages` (`id`, `navigation_menu_id`, `nome`, `url`, `icone`, `mostrar`, `alt`, `created_at`, `updated_at`, `deleted_at`) VALUES
(1,	1,	'Gerenciar Usuários',	'/users',	'icon-cogs',	1,	NULL,	'2013-05-21 13:43:21',	'2013-05-28 18:07:30',	NULL),
(2,	1,	'Cadastrar Usuário',	'/users/add',	'icon-save',	1,	NULL,	'2013-05-21 13:44:16',	'2013-05-27 17:13:44',	NULL),
(3,	1,	'Excluir Usuario1',	'/users/delete',	'icon-user',	1,	NULL,	'2013-05-21 13:44:59',	'2013-05-27 13:14:39',	NULL),
(4,	1,	'Detalhes do Usuário',	'/users/show',	'icon-reply-all',	1,	NULL,	'2013-05-21 13:46:09',	'2013-05-27 18:05:05',	NULL),
(5,	1,	'Editar Usuário',	'/users/update',	'icon-pencil',	1,	NULL,	'2013-05-21 13:46:54',	'2013-05-27 18:04:36',	NULL),
(6,	2,	'Paginas',	'/settings/pages',	'icon-file',	1,	NULL,	'2013-05-21 13:48:23',	NULL,	NULL),
(7,	2,	'Permissões',	'/settings/permissions',	'icon-legal',	1,	NULL,	'2013-05-21 13:48:53',	'2013-05-28 18:06:48',	NULL),
(19,	1,	'A',	'A',	'icon-star-half-empty',	1,	NULL,	'2013-05-27 18:05:41',	'2013-05-28 18:11:00',	NULL),
(20,	1,	'S',	'S',	'icon-mail-reply-all (alias)',	1,	NULL,	'2013-05-27 18:05:58',	'2013-05-27 18:08:06',	NULL),
(21,	2,	'W',	'W',	'icon-superblocked',	1,	NULL,	'2013-05-27 18:06:18',	NULL,	NULL);

DROP TABLE IF EXISTS `permissions`;
CREATE TABLE `permissions` (
  `id` int(11) unsigned NOT NULL AUTO_INCREMENT,
  `users_group_id` int(11) unsigned NOT NULL,
  `navigation_page_id` int(11) unsigned NOT NULL,
  `created_at` datetime NOT NULL,
  `updated_at` datetime DEFAULT NULL,
  `deleted_at` datetime DEFAULT NULL,
  PRIMARY KEY (`id`),
  KEY `users_group_id` (`users_group_id`),
  KEY `navigation_page_id` (`navigation_page_id`),
  CONSTRAINT `permissions_ibfk_1` FOREIGN KEY (`users_group_id`) REFERENCES `users_groups` (`id`),
  CONSTRAINT `permissions_ibfk_2` FOREIGN KEY (`navigation_page_id`) REFERENCES `navigation_pages` (`id`)
) ENGINE=InnoDB DEFAULT CHARSET=utf8;

INSERT INTO `permissions` (`id`, `users_group_id`, `navigation_page_id`, `created_at`, `updated_at`, `deleted_at`) VALUES
(187,	1,	1,	'2013-05-27 17:59:26',	NULL,	NULL),
(188,	1,	2,	'2013-05-27 17:59:26',	NULL,	NULL),
(189,	1,	3,	'2013-05-27 17:59:26',	NULL,	NULL),
(190,	1,	5,	'2013-05-27 17:59:26',	NULL,	NULL),
(191,	1,	4,	'2013-05-27 17:59:26',	NULL,	NULL),
(192,	1,	6,	'2013-05-27 17:59:26',	NULL,	NULL),
(193,	1,	7,	'2013-05-27 17:59:26',	NULL,	NULL),
(194,	2,	1,	'2013-05-28 18:07:42',	NULL,	NULL),
(195,	2,	2,	'2013-05-28 18:07:42',	NULL,	NULL);

DROP TABLE IF EXISTS `system_logs`;
CREATE TABLE `system_logs` (
  `id` int(11) unsigned NOT NULL AUTO_INCREMENT,
  `usuario` varchar(255) DEFAULT NULL,
  `tabela` varchar(255) DEFAULT NULL,
  `registro_id` varchar(255) DEFAULT NULL,
  `comando` varchar(255) DEFAULT NULL,
  `campo` varchar(255) DEFAULT NULL,
  `antes` varchar(255) DEFAULT NULL,
  `depois` varchar(255) DEFAULT NULL,
  `h` varchar(255) DEFAULT NULL,
  `data` varchar(255) DEFAULT NULL,
  `i` varchar(255) DEFAULT NULL,
  `j` varchar(255) DEFAULT NULL,
  PRIMARY KEY (`id`)
) ENGINE=InnoDB DEFAULT CHARSET=utf8;

INSERT INTO `system_logs` (`id`, `usuario`, `tabela`, `registro_id`, `comando`, `campo`, `antes`, `depois`, `h`, `data`, `i`, `j`) VALUES
(1,	'1',	'Navigation_page',	'3',	'update',	'navigation_menu_id',	'1',	'2',	NULL,	'2013-05-27 12:38:54',	NULL,	NULL),
(2,	'1',	'Navigation_page',	'3',	'update',	'nome',	'Excluir Usuario',	'Excluir Usuario1',	NULL,	'2013-05-27 12:38:54',	NULL,	NULL),
(3,	'1',	'Navigation_page',	'3',	'update',	'navigation_menu_id',	'2',	'1',	NULL,	'2013-05-27 13:14:23',	NULL,	NULL),
(4,	'1',	'Navigation_page',	'3',	'update',	'mostrar',	'0',	'1',	NULL,	'2013-05-27 13:14:23',	NULL,	NULL),
(5,	'1',	'Navigation_page',	'9',	'update',	'mostrar',	'0',	'1',	NULL,	'2013-05-27 14:49:16',	NULL,	NULL),
(6,	'1',	'Navigation_page',	'9',	'update',	'navigation_menu_id',	'2',	'1',	NULL,	'2013-05-27 14:49:29',	NULL,	NULL),
(7,	'1',	'Navigation_page',	'9',	'update',	'navigation_menu_id',	'1',	'2',	NULL,	'2013-05-27 14:49:33',	NULL,	NULL),
(8,	'1',	'Navigation_page',	'8',	'update',	'navigation_menu_id',	'1',	'2',	NULL,	'2013-05-27 14:53:15',	NULL,	NULL),
(9,	'1',	'Navigation_page',	'8',	'update',	'icone',	'icon-flag-checkered',	'icon-expand-alt',	NULL,	'2013-05-27 14:53:15',	NULL,	NULL),
(10,	'1',	'Navigation_page',	'8',	'update',	'mostrar',	'0',	'1',	NULL,	'2013-05-27 14:53:15',	NULL,	NULL),
(11,	'1',	'Navigation_page',	'1',	'update',	'navigation_menu_id',	'1',	'2',	NULL,	'2013-05-27 14:55:02',	NULL,	NULL),
(12,	'1',	'Navigation_page',	'1',	'update',	'icone',	'icon-group',	'icon-puzzle-piece',	NULL,	'2013-05-27 14:55:02',	NULL,	NULL),
(13,	'1',	'Navigation_page',	'1',	'update',	'navigation_menu_id',	'2',	'1',	NULL,	'2013-05-27 14:56:11',	NULL,	NULL),
(14,	'1',	'Navigation_page',	'1',	'update',	'navigation_menu_id',	'1',	'2',	NULL,	'2013-05-27 17:08:46',	NULL,	NULL),
(15,	'1',	'Navigation_page',	'1',	'update',	'icone',	'icon-puzzle-piece',	'icon-bullhorn',	NULL,	'2013-05-27 17:08:46',	NULL,	NULL),
(16,	'1',	'Navigation_page',	'1',	'update',	'icone',	'icon-bullhorn',	'icon-bullhorn',	NULL,	'2013-05-27 17:10:40',	NULL,	NULL),
(17,	'1',	'Navigation_page',	'2',	'update',	'navigation_menu_id',	'1',	'2',	NULL,	'2013-05-27 17:13:30',	NULL,	NULL),
(18,	'1',	'Navigation_page',	'2',	'update',	'navigation_menu_id',	'2',	'1',	NULL,	'2013-05-27 17:13:44',	NULL,	NULL),
(19,	'1',	'Navigation_page',	'1',	'update',	'navigation_menu_id',	'2',	'1',	NULL,	'2013-05-27 17:14:10',	NULL,	NULL),
(20,	'1',	'Navigation_page',	'18',	'update',	'navigation_menu_id',	'1',	'2',	NULL,	'2013-05-27 17:34:04',	NULL,	NULL),
(21,	'1',	'Navigation_page',	'4',	'update',	'navigation_menu_id',	'1',	'2',	NULL,	'2013-05-27 17:41:57',	NULL,	NULL),
(22,	'1',	'Navigation_page',	'4',	'update',	'icone',	'icon-user',	'icon-reply-all',	NULL,	'2013-05-27 17:41:57',	NULL,	NULL),
(23,	'1',	'Navigation_page',	'4',	'update',	'mostrar',	'0',	'1',	NULL,	'2013-05-27 17:41:57',	NULL,	NULL),
(24,	'1',	'Navigation_page',	'4',	'update',	'navigation_menu_id',	'2',	'1',	NULL,	'2013-05-27 17:42:59',	NULL,	NULL),
(25,	'1',	'Navigation_page',	'4',	'update',	'navigation_menu_id',	'1',	'2',	NULL,	'2013-05-27 17:43:18',	NULL,	NULL),
(26,	'1',	'Navigation_page',	'5',	'update',	'mostrar',	'0',	'1',	NULL,	'2013-05-27 17:46:14',	NULL,	NULL),
(27,	'1',	'Navigation_page',	'5',	'update',	'mostrar',	'1',	'10,14,20,21,18,13,24,14,6,7,28,24',	NULL,	'2013-05-27 17:47:15',	NULL,	NULL),
(28,	'1',	'Navigation_page',	'5',	'update',	'mostrar',	'10',	'0',	NULL,	'2013-05-27 17:47:18',	NULL,	NULL),
(29,	'1',	'Navigation_page',	'5',	'update',	'navigation_menu_id',	'1',	'2',	NULL,	'2013-05-27 18:04:20',	NULL,	NULL),
(30,	'1',	'Navigation_page',	'5',	'update',	'icone',	'icon-user',	'icon-pencil',	NULL,	'2013-05-27 18:04:20',	NULL,	NULL),
(31,	'1',	'Navigation_page',	'5',	'update',	'mostrar',	'0',	'1',	NULL,	'2013-05-27 18:04:20',	NULL,	NULL),
(32,	'1',	'Navigation_page',	'5',	'update',	'navigation_menu_id',	'2',	'1',	NULL,	'2013-05-27 18:04:36',	NULL,	NULL),
(33,	'1',	'Navigation_page',	'4',	'update',	'navigation_menu_id',	'2',	'1',	NULL,	'2013-05-27 18:05:05',	NULL,	NULL),
(34,	'1',	'Navigation_page',	'20',	'update',	'mostrar',	'0',	'1',	NULL,	'2013-05-27 18:07:58',	NULL,	NULL),
(35,	'1',	'Navigation_page',	'1',	'update',	'navigation_menu_id',	'1',	'2',	NULL,	'2013-05-28 17:02:16',	NULL,	NULL),
(36,	'1',	'Navigation_page',	'1',	'update',	'icone',	'icon-bullhorn',	'icon-cogs',	NULL,	'2013-05-28 17:02:16',	NULL,	NULL),
(37,	'1',	'Navigation_page',	'7',	'update',	'navigation_menu_id',	'2',	'1',	NULL,	'2013-05-28 18:04:40',	NULL,	NULL),
(38,	'1',	'Navigation_page',	'7',	'update',	'navigation_menu_id',	'1',	'2',	NULL,	'2013-05-28 18:06:18',	NULL,	NULL),
(39,	'1',	'Navigation_page',	'1',	'update',	'navigation_menu_id',	'2',	'1',	NULL,	'2013-05-28 18:07:29',	NULL,	NULL),
(40,	'1',	'Navigation_page',	'19',	'update',	'mostrar',	'0',	'1',	NULL,	'2013-05-28 18:11:00',	NULL,	NULL);

DROP TABLE IF EXISTS `users`;
CREATE TABLE `users` (
  `id` int(11) unsigned NOT NULL AUTO_INCREMENT,
  `users_group_id` int(11) unsigned NOT NULL,
  `nome` varchar(200) NOT NULL DEFAULT '',
  `email` varchar(120) NOT NULL DEFAULT '',
  `senha` varchar(32) NOT NULL DEFAULT '',
  `created_at` datetime NOT NULL,
  `updated_at` datetime DEFAULT NULL,
  `deleted_at` datetime DEFAULT NULL,
  PRIMARY KEY (`id`),
  KEY `users_group_id` (`users_group_id`),
  CONSTRAINT `users_ibfk_1` FOREIGN KEY (`users_group_id`) REFERENCES `users_groups` (`id`)
) ENGINE=InnoDB DEFAULT CHARSET=utf8;

INSERT INTO `users` (`id`, `users_group_id`, `nome`, `email`, `senha`, `created_at`, `updated_at`, `deleted_at`) VALUES
(1,	1,	'dev',	'dev@email.com',	'e77989ed21758e78331b20e477fc5582',	'2013-05-21 13:38:21',	NULL,	NULL);

DROP TABLE IF EXISTS `users_groups`;
CREATE TABLE `users_groups` (
  `id` int(11) unsigned NOT NULL AUTO_INCREMENT,
  `nome` varchar(120) NOT NULL DEFAULT '',
  `descricao` text,
  `created_at` datetime NOT NULL,
  `updated_at` datetime DEFAULT NULL,
  `deleted_at` datetime DEFAULT NULL,
  PRIMARY KEY (`id`)
) ENGINE=InnoDB DEFAULT CHARSET=utf8;

INSERT INTO `users_groups` (`id`, `nome`, `descricao`, `created_at`, `updated_at`, `deleted_at`) VALUES
(1,	'DevelopTeam',	'grupo de desenvolvedores do sistema',	'2013-05-21 13:37:44',	NULL,	NULL),
(2,	'Administrador',	'Grupo dos administradores do sistema',	'2013-05-23 15:15:50',	NULL,	NULL);

-- 2013-05-28 18:15:48
